Date,Service,Region,ResourceGroup,Cost,Currency,Usage,Unit
2025-03-09 16:06:09.732971,EC2,us-east-1,rg-EC2-us-east-1,255.49728378107795,USD,9761,Various
2025-03-09 16:06:09.732971,EC2,us-west-2,rg-EC2-us-west-2,485.7274114285447,USD,5667,Various
2025-03-09 16:06:09.732971,EC2,eu-central-1,rg-EC2-eu-central-1,183.39720515260734,USD,7160,Various
2025-03-09 16:06:09.732971,S3,us-east-1,rg-S3-us-east-1,259.5788689315565,USD,3860,Various
2025-03-09 16:06:09.732971,S3,us-west-2,rg-S3-us-west-2,450.1139885480349,USD,5630,Various
2025-03-09 16:06:09.732971,S3,eu-central-1,rg-S3-eu-central-1,159.5054120405161,USD,3072,Various
2025-03-09 16:06:09.732971,RDS,us-east-1,rg-RDS-us-east-1,231.72191980153107,USD,7723,Various
2025-03-09 16:06:09.732971,RDS,us-west-2,rg-RDS-us-west-2,327.01285584307857,USD,7534,Various
2025-03-09 16:06:09.732971,RDS,eu-central-1,rg-RDS-eu-central-1,378.33872692997033,USD,5829,Various
2025-03-09 16:06:09.732971,Lambda,us-east-1,rg-Lambda-us-east-1,449.4762319239743,USD,3521,Various
2025-03-09 16:06:09.732971,Lambda,us-west-2,rg-Lambda-us-west-2,97.83737493449408,USD,1253,Various
2025-03-09 16:06:09.732971,Lambda,eu-central-1,rg-Lambda-eu-central-1,492.77400970208674,USD,4914,Various
2025-03-10 16:06:09.732971,EC2,us-east-1,rg-EC2-us-east-1,189.48668007319372,USD,6494,Various
2025-03-10 16:06:09.732971,EC2,us-west-2,rg-EC2-us-west-2,536.6412093085576,USD,4629,Various
2025-03-10 16:06:09.732971,EC2,eu-central-1,rg-EC2-eu-central-1,107.12184720047847,USD,1221,Various
2025-03-10 16:06:09.732971,S3,us-east-1,rg-S3-us-east-1,245.25703412281763,USD,8825,Various
2025-03-10 16:06:09.732971,S3,us-west-2,rg-S3-us-west-2,281.1095252794116,USD,2589,Various
2025-03-10 16:06:09.732971,S3,eu-central-1,rg-S3-eu-central-1,388.65438930889167,USD,5836,Various
2025-03-10 16:06:09.732971,RDS,us-east-1,rg-RDS-us-east-1,217.57483675903356,USD,9206,Various
2025-03-10 16:06:09.732971,RDS,us-west-2,rg-RDS-us-west-2,503.7638149558209,USD,8298,Various
2025-03-10 16:06:09.732971,RDS,eu-central-1,rg-RDS-eu-central-1,266.8724854986497,USD,7540,Various
2025-03-10 16:06:09.732971,Lambda,us-east-1,rg-Lambda-us-east-1,450.59324670142666,USD,4006,Various
2025-03-10 16:06:09.732971,Lambda,us-west-2,rg-Lambda-us-west-2,548.2595809093115,USD,9935,Various
2025-03-10 16:06:09.732971,Lambda,eu-central-1,rg-Lambda-eu-central-1,270.36939350348194,USD,8070,Various
2025-03-11 16:06:09.732971,EC2,us-east-1,rg-EC2-us-east-1,192.55012834618003,USD,2743,Various
2025-03-11 16:06:09.732971,EC2,us-west-2,rg-EC2-us-west-2,321.24623602976214,USD,4139,Various
2025-03-11 16:06:09.732971,EC2,eu-central-1,rg-EC2-eu-central-1,161.08470737849737,USD,1551,Various
2025-03-11 16:06:09.732971,S3,us-east-1,rg-S3-us-east-1,163.05778761865324,USD,5637,Various
2025-03-11 16:06:09.732971,S3,us-west-2,rg-S3-us-west-2,308.41518906807653,USD,1045,Various
2025-03-11 16:06:09.732971,S3,eu-central-1,rg-S3-eu-central-1,443.02077740260165,USD,3488,Various
2025-03-11 16:06:09.732971,RDS,us-east-1,rg-RDS-us-east-1,314.8082933106054,USD,3293,Various
2025-03-11 16:06:09.732971,RDS,us-west-2,rg-RDS-us-west-2,379.01669453271325,USD,3371,Various
2025-03-11 16:06:09.732971,RDS,eu-central-1,rg-RDS-eu-central-1,367.32565665913194,USD,6707,Various
2025-03-11 16:06:09.732971,Lambda,us-east-1,rg-Lambda-us-east-1,549.5570781711647,USD,3204,Various
2025-03-11 16:06:09.732971,Lambda,us-west-2,rg-Lambda-us-west-2,413.0847052184614,USD,8613,Various
2025-03-11 16:06:09.732971,Lambda,eu-central-1,rg-Lambda-eu-central-1,168.35557090277365,USD,4407,Various
2025-03-12 16:06:09.732971,EC2,us-east-1,rg-EC2-us-east-1,233.1103321993604,USD,6513,Various
2025-03-12 16:06:09.732971,EC2,us-west-2,rg-EC2-us-west-2,98.82920876274068,USD,6068,Various
2025-03-12 16:06:09.732971,EC2,eu-central-1,rg-EC2-eu-central-1,114.6368590541419,USD,2190,Various
2025-03-12 16:06:09.732971,S3,us-east-1,rg-S3-us-east-1,381.46661696866033,USD,3342,Various
2025-03-12 16:06:09.732971,S3,us-west-2,rg-S3-us-west-2,205.08566234894982,USD,1002,Various
2025-03-12 16:06:09.732971,S3,eu-central-1,rg-S3-eu-central-1,551.7242202142195,USD,6097,Various
2025-03-12 16:06:09.732971,RDS,us-east-1,rg-RDS-us-east-1,102.38422824550601,USD,8020,Various
2025-03-12 16:06:09.732971,RDS,us-west-2,rg-RDS-us-west-2,110.54761859931129,USD,4392,Various
2025-03-12 16:06:09.732971,RDS,eu-central-1,rg-RDS-eu-central-1,206.06070274972075,USD,681,Various
2025-03-12 16:06:09.732971,Lambda,us-east-1,rg-Lambda-us-east-1,236.03767020784477,USD,3552,Various
2025-03-12 16:06:09.732971,Lambda,us-west-2,rg-Lambda-us-west-2,131.68527620775586,USD,7912,Various
2025-03-12 16:06:09.732971,Lambda,eu-central-1,rg-Lambda-eu-central-1,241.0363457765464,USD,1669,Various
2025-03-13 16:06:09.732971,EC2,us-east-1,rg-EC2-us-east-1,95.10058121657926,USD,7163,Various
2025-03-13 16:06:09.732971,EC2,us-west-2,rg-EC2-us-west-2,137.3248469476031,USD,7989,Various
2025-03-13 16:06:09.732971,EC2,eu-central-1,rg-EC2-eu-central-1,278.97301554048533,USD,10704,Various
2025-03-13 16:06:09.732971,S3,us-east-1,rg-S3-us-east-1,396.237275934473,USD,4821,Various
2025-03-13 16:06:09.732971,S3,us-west-2,rg-S3-us-west-2,413.5789828125147,USD,1801,Various
2025-03-13 16:06:09.732971,S3,eu-central-1,rg-S3-eu-central-1,376.82203046979595,USD,3830,Various
2025-03-13 16:06:09.732971,RDS,us-east-1,rg-RDS-us-east-1,527.9703456238417,USD,6952,Various
2025-03-13 16:06:09.732971,RDS,us-west-2,rg-RDS-us-west-2,571.0831695260447,USD,6442,Various
2025-03-13 16:06:09.732971,RDS,eu-central-1,rg-RDS-eu-central-1,333.3147540357058,USD,5887,Various
2025-03-13 16:06:09.732971,Lambda,us-east-1,rg-Lambda-us-east-1,428.5446462941077,USD,2453,Various
2025-03-13 16:06:09.732971,Lambda,us-west-2,rg-Lambda-us-west-2,233.43784392148825,USD,5637,Various
2025-03-13 16:06:09.732971,Lambda,eu-central-1,rg-Lambda-eu-central-1,749.7647830475445,USD,18099,Various
2025-03-14 16:06:09.732971,EC2,us-east-1,rg-EC2-us-east-1,218.06714081349853,USD,4154,Various
2025-03-14 16:06:09.732971,EC2,us-west-2,rg-EC2-us-west-2,379.64291070319206,USD,2591,Various
2025-03-14 16:06:09.732971,EC2,eu-central-1,rg-EC2-eu-central-1,336.8471767375994,USD,4476,Various
2025-03-14 16:06:09.732971,S3,us-east-1,rg-S3-us-east-1,480.0430717621159,USD,7816,Various
2025-03-14 16:06:09.732971,S3,us-west-2,rg-S3-us-west-2,288.1414401177203,USD,5287,Various
2025-03-14 16:06:09.732971,S3,eu-central-1,rg-S3-eu-central-1,376.35533090571533,USD,7187,Various
2025-03-14 16:06:09.732971,RDS,us-east-1,rg-RDS-us-east-1,185.7449709817151,USD,9267,Various
2025-03-14 16:06:09.732971,RDS,us-west-2,rg-RDS-us-west-2,549.4012135064273,USD,9717,Various
2025-03-14 16:06:09.732971,RDS,eu-central-1,rg-RDS-eu-central-1,349.0960191402002,USD,8360,Various
2025-03-14 16:06:09.732971,Lambda,us-east-1,rg-Lambda-us-east-1,414.85771226262153,USD,5487,Various
2025-03-14 16:06:09.732971,Lambda,us-west-2,rg-Lambda-us-west-2,395.58336467587094,USD,7995,Various
2025-03-14 16:06:09.732971,Lambda,eu-central-1,rg-Lambda-eu-central-1,255.08917496450488,USD,6579,Various
2025-03-15 16:06:09.732971,EC2,us-east-1,rg-EC2-us-east-1,182.104457278656,USD,3906,Various
2025-03-15 16:06:09.732971,EC2,us-west-2,rg-EC2-us-west-2,445.83851203596333,USD,8690,Various
2025-03-15 16:06:09.732971,EC2,eu-central-1,rg-EC2-eu-central-1,461.4614235651402,USD,4380,Various
2025-03-15 16:06:09.732971,S3,us-east-1,rg-S3-us-east-1,415.6194426223818,USD,6110,Various
2025-03-15 16:06:09.732971,S3,us-west-2,rg-S3-us-west-2,216.98452372360578,USD,10016,Various
2025-03-15 16:06:09.732971,S3,eu-central-1,rg-S3-eu-central-1,114.40680529205302,USD,9768,Various
2025-03-15 16:06:09.732971,RDS,us-east-1,rg-RDS-us-east-1,370.1416039580969,USD,10241,Various
2025-03-15 16:06:09.732971,RDS,us-west-2,rg-RDS-us-west-2,157.38079781111514,USD,8310,Various
2025-03-15 16:06:09.732971,RDS,eu-central-1,rg-RDS-eu-central-1,151.6994947986141,USD,5925,Various
2025-03-15 16:06:09.732971,Lambda,us-east-1,rg-Lambda-us-east-1,245.37518286918424,USD,5651,Various
2025-03-15 16:06:09.732971,Lambda,us-west-2,rg-Lambda-us-west-2,310.7686303019946,USD,6663,Various
2025-03-15 16:06:09.732971,Lambda,eu-central-1,rg-Lambda-eu-central-1,510.84317367154733,USD,3035,Various
2025-03-16 16:06:09.732971,EC2,us-east-1,rg-EC2-us-east-1,480.95255075226737,USD,3404,Various
2025-03-16 16:06:09.732971,EC2,us-west-2,rg-EC2-us-west-2,335.217584496902,USD,7643,Various
2025-03-16 16:06:09.732971,EC2,eu-central-1,rg-EC2-eu-central-1,414.3164587221151,USD,10516,Various
2025-03-16 16:06:09.732971,S3,us-east-1,rg-S3-us-east-1,141.85274515455316,USD,8610,Various
2025-03-16 16:06:09.732971,S3,us-west-2,rg-S3-us-west-2,436.13106124761657,USD,1448,Various
2025-03-16 16:06:09.732971,S3,eu-central-1,rg-S3-eu-central-1,164.1428380171745,USD,2952,Various
2025-03-16 16:06:09.732971,RDS,us-east-1,rg-RDS-us-east-1,205.0341531668272,USD,8223,Various
2025-03-16 16:06:09.732971,RDS,us-west-2,rg-RDS-us-west-2,240.12332366018308,USD,8044,Various
2025-03-16 16:06:09.732971,RDS,eu-central-1,rg-RDS-eu-central-1,543.1196669207006,USD,3613,Various
2025-03-16 16:06:09.732971,Lambda,us-east-1,rg-Lambda-us-east-1,110.24047457949248,USD,1073,Various
2025-03-16 16:06:09.732971,Lambda,us-west-2,rg-Lambda-us-west-2,362.85113206215897,USD,3104,Various
2025-03-16 16:06:09.732971,Lambda,eu-central-1,rg-Lambda-eu-central-1,244.1512527234488,USD,4278,Various
2025-03-17 16:06:09.732971,EC2,us-east-1,rg-EC2-us-east-1,278.2848249032545,USD,4263,Various
2025-03-17 16:06:09.732971,EC2,us-west-2,rg-EC2-us-west-2,392.43146327825946,USD,1076,Various
2025-03-17 16:06:09.732971,EC2,eu-central-1,rg-EC2-eu-central-1,110.79515267476269,USD,707,Various
2025-03-17 16:06:09.732971,S3,us-east-1,rg-S3-us-east-1,118.49398408035343,USD,4963,Various
2025-03-17 16:06:09.732971,S3,us-west-2,rg-S3-us-west-2,167.3132769098095,USD,4009,Various
2025-03-17 16:06:09.732971,S3,eu-central-1,rg-S3-eu-central-1,30.224396184280824,USD,2449,Various
2025-03-17 16:06:09.732971,RDS,us-east-1,rg-RDS-us-east-1,272.3394795032415,USD,7911,Various
2025-03-17 16:06:09.732971,RDS,us-west-2,rg-RDS-us-west-2,250.2795220235975,USD,9248,Various
2025-03-17 16:06:09.732971,RDS,eu-central-1,rg-RDS-eu-central-1,286.1367732887951,USD,4832,Various
2025-03-17 16:06:09.732971,Lambda,us-east-1,rg-Lambda-us-east-1,199.11220570188007,USD,3035,Various
2025-03-17 16:06:09.732971,Lambda,us-west-2,rg-Lambda-us-west-2,381.3585596279846,USD,4510,Various
2025-03-17 16:06:09.732971,Lambda,eu-central-1,rg-Lambda-eu-central-1,429.96414865765104,USD,8640,Various
2025-03-18 16:06:09.732971,EC2,us-east-1,rg-EC2-us-east-1,100.68139206236471,USD,1243,Various
2025-03-18 16:06:09.732971,EC2,us-west-2,rg-EC2-us-west-2,438.1260913851977,USD,6692,Various
2025-03-18 16:06:09.732971,EC2,eu-central-1,rg-EC2-eu-central-1,123.71907690585462,USD,1824,Various
2025-03-18 16:06:09.732971,S3,us-east-1,rg-S3-us-east-1,378.86038126290356,USD,11046,Various
2025-03-18 16:06:09.732971,S3,us-west-2,rg-S3-us-west-2,507.1289160049113,USD,10105,Various
2025-03-18 16:06:09.732971,S3,eu-central-1,rg-S3-eu-central-1,273.1114017565326,USD,6784,Various
2025-03-18 16:06:09.732971,RDS,us-east-1,rg-RDS-us-east-1,165.57085624847525,USD,2207,Various
2025-03-18 16:06:09.732971,RDS,us-west-2,rg-RDS-us-west-2,456.2831553110745,USD,8417,Various
2025-03-18 16:06:09.732971,RDS,eu-central-1,rg-RDS-eu-central-1,127.87398257715336,USD,5529,Various
2025-03-18 16:06:09.732971,Lambda,us-east-1,rg-Lambda-us-east-1,406.8270285053374,USD,3384,Various
2025-03-18 16:06:09.732971,Lambda,us-west-2,rg-Lambda-us-west-2,184.0421815685251,USD,10158,Various
2025-03-18 16:06:09.732971,Lambda,eu-central-1,rg-Lambda-eu-central-1,280.36048204890733,USD,7409,Various
2025-03-19 16:06:09.732971,EC2,us-east-1,rg-EC2-us-east-1,123.35125764101184,USD,9884,Various
2025-03-19 16:06:09.732971,EC2,us-west-2,rg-EC2-us-west-2,198.21401247816905,USD,9905,Various
2025-03-19 16:06:09.732971,EC2,eu-central-1,rg-EC2-eu-central-1,478.79110041366476,USD,7329,Various
2025-03-19 16:06:09.732971,S3,us-east-1,rg-S3-us-east-1,261.3624104009915,USD,2619,Various
2025-03-19 16:06:09.732971,S3,us-west-2,rg-S3-us-west-2,481.1924325200316,USD,4441,Various
2025-03-19 16:06:09.732971,S3,eu-central-1,rg-S3-eu-central-1,168.8915903831819,USD,8772,Various
2025-03-19 16:06:09.732971,RDS,us-east-1,rg-RDS-us-east-1,165.16196661770425,USD,5628,Various
2025-03-19 16:06:09.732971,RDS,us-west-2,rg-RDS-us-west-2,164.92639197164257,USD,2996,Various
2025-03-19 16:06:09.732971,RDS,eu-central-1,rg-RDS-eu-central-1,220.5585196395253,USD,4492,Various
2025-03-19 16:06:09.732971,Lambda,us-east-1,rg-Lambda-us-east-1,365.76341519040955,USD,5592,Various
2025-03-19 16:06:09.732971,Lambda,us-west-2,rg-Lambda-us-west-2,289.0647776728159,USD,8990,Various
2025-03-19 16:06:09.732971,Lambda,eu-central-1,rg-Lambda-eu-central-1,456.14735315544254,USD,2936,Various
2025-03-20 16:06:09.732971,EC2,us-east-1,rg-EC2-us-east-1,369.39996265940965,USD,10733,Various
2025-03-20 16:06:09.732971,EC2,us-west-2,rg-EC2-us-west-2,432.638739193057,USD,22372,Various
2025-03-20 16:06:09.732971,EC2,eu-central-1,rg-EC2-eu-central-1,410.69724963768067,USD,3154,Various
2025-03-20 16:06:09.732971,S3,us-east-1,rg-S3-us-east-1,291.5032510222195,USD,2484,Various
2025-03-20 16:06:09.732971,S3,us-west-2,rg-S3-us-west-2,287.43776659299385,USD,4603,Various
2025-03-20 16:06:09.732971,S3,eu-central-1,rg-S3-eu-central-1,791.3398650137632,USD,13500,Various
2025-03-20 16:06:09.732971,RDS,us-east-1,rg-RDS-us-east-1,296.87824685619614,USD,9907,Various
2025-03-20 16:06:09.732971,RDS,us-west-2,rg-RDS-us-west-2,484.4798066853997,USD,6233,Various
2025-03-20 16:06:09.732971,RDS,eu-central-1,rg-RDS-eu-central-1,408.3104885690862,USD,8593,Various
2025-03-20 16:06:09.732971,Lambda,us-east-1,rg-Lambda-us-east-1,426.1767999087573,USD,4885,Various
2025-03-20 16:06:09.732971,Lambda,us-west-2,rg-Lambda-us-west-2,308.8169660704146,USD,4833,Various
2025-03-20 16:06:09.732971,Lambda,eu-central-1,rg-Lambda-eu-central-1,159.62925427330322,USD,9833,Various
2025-03-21 16:06:09.732971,EC2,us-east-1,rg-EC2-us-east-1,484.40088087288797,USD,8490,Various
2025-03-21 16:06:09.732971,EC2,us-west-2,rg-EC2-us-west-2,305.75342940379664,USD,8139,Various
2025-03-21 16:06:09.732971,EC2,eu-central-1,rg-EC2-eu-central-1,358.7180977047094,USD,4174,Various
2025-03-21 16:06:09.732971,S3,us-east-1,rg-S3-us-east-1,495.04479649173743,USD,2437,Various
2025-03-21 16:06:09.732971,S3,us-west-2,rg-S3-us-west-2,353.09168325693224,USD,7893,Various
2025-03-21 16:06:09.732971,S3,eu-central-1,rg-S3-eu-central-1,217.07801135344948,USD,6943,Various
2025-03-21 16:06:09.732971,RDS,us-east-1,rg-RDS-us-east-1,263.10025432009803,USD,4677,Various
2025-03-21 16:06:09.732971,RDS,us-west-2,rg-RDS-us-west-2,524.0138017963956,USD,5033,Various
2025-03-21 16:06:09.732971,RDS,eu-central-1,rg-RDS-eu-central-1,508.25273255633135,USD,2542,Various
2025-03-21 16:06:09.732971,Lambda,us-east-1,rg-Lambda-us-east-1,575.7695363185729,USD,5386,Various
2025-03-21 16:06:09.732971,Lambda,us-west-2,rg-Lambda-us-west-2,776.0285179717965,USD,5370,Various
2025-03-21 16:06:09.732971,Lambda,eu-central-1,rg-Lambda-eu-central-1,325.0443545830788,USD,10106,Various
2025-03-22 16:06:09.732971,EC2,us-east-1,rg-EC2-us-east-1,540.8471216553687,USD,2865,Various
2025-03-22 16:06:09.732971,EC2,us-west-2,rg-EC2-us-west-2,218.0220785029221,USD,981,Various
2025-03-22 16:06:09.732971,EC2,eu-central-1,rg-EC2-eu-central-1,148.43205723216232,USD,10928,Various
2025-03-22 16:06:09.732971,S3,us-east-1,rg-S3-us-east-1,346.3507832913202,USD,6745,Various
2025-03-22 16:06:09.732971,S3,us-west-2,rg-S3-us-west-2,240.04178381731384,USD,5164,Various
2025-03-22 16:06:09.732971,S3,eu-central-1,rg-S3-eu-central-1,155.15249334905158,USD,6354,Various
2025-03-22 16:06:09.732971,RDS,us-east-1,rg-RDS-us-east-1,100.59822880487259,USD,6128,Various
2025-03-22 16:06:09.732971,RDS,us-west-2,rg-RDS-us-west-2,229.61140453824368,USD,1571,Various
2025-03-22 16:06:09.732971,RDS,eu-central-1,rg-RDS-eu-central-1,284.69062245846783,USD,8126,Various
2025-03-22 16:06:09.732971,Lambda,us-east-1,rg-Lambda-us-east-1,228.86814524387415,USD,2541,Various
2025-03-22 16:06:09.732971,Lambda,us-west-2,rg-Lambda-us-west-2,372.276225498893,USD,8639,Various
2025-03-22 16:06:09.732971,Lambda,eu-central-1,rg-Lambda-eu-central-1,1123.548585772239,USD,11712,Various
2025-03-23 16:06:09.732971,EC2,us-east-1,rg-EC2-us-east-1,345.40121923354985,USD,5376,Various
2025-03-23 16:06:09.732971,EC2,us-west-2,rg-EC2-us-west-2,109.77398678633796,USD,5069,Various
2025-03-23 16:06:09.732971,EC2,eu-central-1,rg-EC2-eu-central-1,321.77160869525244,USD,6587,Various
2025-03-23 16:06:09.732971,S3,us-east-1,rg-S3-us-east-1,144.57539534237225,USD,1503,Various
2025-03-23 16:06:09.732971,S3,us-west-2,rg-S3-us-west-2,232.87501043805923,USD,6015,Various
2025-03-23 16:06:09.732971,S3,eu-central-1,rg-S3-eu-central-1,329.7541578930534,USD,9785,Various
2025-03-23 16:06:09.732971,RDS,us-east-1,rg-RDS-us-east-1,304.5106596589561,USD,7648,Various
2025-03-23 16:06:09.732971,RDS,us-west-2,rg-RDS-us-west-2,107.38322415400496,USD,2679,Various
2025-03-23 16:06:09.732971,RDS,eu-central-1,rg-RDS-eu-central-1,187.68043700405633,USD,2820,Various
2025-03-23 16:06:09.732971,Lambda,us-east-1,rg-Lambda-us-east-1,358.5125057348309,USD,1215,Various
2025-03-23 16:06:09.732971,Lambda,us-west-2,rg-Lambda-us-west-2,305.67197850740797,USD,4845,Various
2025-03-23 16:06:09.732971,Lambda,eu-central-1,rg-Lambda-eu-central-1,299.53674326906815,USD,6212,Various
2025-03-24 16:06:09.732971,EC2,us-east-1,rg-EC2-us-east-1,181.6774840996077,USD,2990,Various
2025-03-24 16:06:09.732971,EC2,us-west-2,rg-EC2-us-west-2,247.93846189418417,USD,1617,Various
2025-03-24 16:06:09.732971,EC2,eu-central-1,rg-EC2-eu-central-1,218.54301712637584,USD,9651,Various
2025-03-24 16:06:09.732971,S3,us-east-1,rg-S3-us-east-1,151.7214105095353,USD,7333,Various
2025-03-24 16:06:09.732971,S3,us-west-2,rg-S3-us-west-2,164.35913676671763,USD,4521,Various
2025-03-24 16:06:09.732971,S3,eu-central-1,rg-S3-eu-central-1,98.01852349672447,USD,1431,Various
2025-03-24 16:06:09.732971,RDS,us-east-1,rg-RDS-us-east-1,316.79573541451384,USD,4055,Various
2025-03-24 16:06:09.732971,RDS,us-west-2,rg-RDS-us-west-2,173.2231889484717,USD,3744,Various
2025-03-24 16:06:09.732971,RDS,eu-central-1,rg-RDS-eu-central-1,343.3190458951948,USD,9510,Various
2025-03-24 16:06:09.732971,Lambda,us-east-1,rg-Lambda-us-east-1,184.44720086972686,USD,5224,Various
2025-03-24 16:06:09.732971,Lambda,us-west-2,rg-Lambda-us-west-2,401.5892719442798,USD,8069,Various
2025-03-24 16:06:09.732971,Lambda,eu-central-1,rg-Lambda-eu-central-1,484.57737624494666,USD,3739,Various
2025-03-25 16:06:09.732971,EC2,us-east-1,rg-EC2-us-east-1,144.32655319976865,USD,7694,Various
2025-03-25 16:06:09.732971,EC2,us-west-2,rg-EC2-us-west-2,191.17883720137752,USD,5032,Various
2025-03-25 16:06:09.732971,EC2,eu-central-1,rg-EC2-eu-central-1,505.8881141789327,USD,5509,Various
2025-03-25 16:06:09.732971,S3,us-east-1,rg-S3-us-east-1,751.0380425456665,USD,5952,Various
2025-03-25 16:06:09.732971,S3,us-west-2,rg-S3-us-west-2,140.56469560388408,USD,1886,Various
2025-03-25 16:06:09.732971,S3,eu-central-1,rg-S3-eu-central-1,374.0079255728716,USD,6206,Various
2025-03-25 16:06:09.732971,RDS,us-east-1,rg-RDS-us-east-1,211.23174067494134,USD,1267,Various
2025-03-25 16:06:09.732971,RDS,us-west-2,rg-RDS-us-west-2,149.614083152901,USD,10495,Various
2025-03-25 16:06:09.732971,RDS,eu-central-1,rg-RDS-eu-central-1,315.7444865715273,USD,4565,Various
2025-03-25 16:06:09.732971,Lambda,us-east-1,rg-Lambda-us-east-1,253.13366763118432,USD,3406,Various
2025-03-25 16:06:09.732971,Lambda,us-west-2,rg-Lambda-us-west-2,306.1904442477714,USD,1544,Various
2025-03-25 16:06:09.732971,Lambda,eu-central-1,rg-Lambda-eu-central-1,248.36234728530468,USD,3440,Various
2025-03-26 16:06:09.732971,EC2,us-east-1,rg-EC2-us-east-1,871.3169787228275,USD,25530,Various
2025-03-26 16:06:09.732971,EC2,us-west-2,rg-EC2-us-west-2,502.1606714882834,USD,4314,Various
2025-03-26 16:06:09.732971,EC2,eu-central-1,rg-EC2-eu-central-1,366.99383624482357,USD,3180,Various
2025-03-26 16:06:09.732971,S3,us-east-1,rg-S3-us-east-1,167.35335466398433,USD,5306,Various
2025-03-26 16:06:09.732971,S3,us-west-2,rg-S3-us-west-2,187.21898241052256,USD,3369,Various
2025-03-26 16:06:09.732971,S3,eu-central-1,rg-S3-eu-central-1,199.93164724408354,USD,6394,Various
2025-03-26 16:06:09.732971,RDS,us-east-1,rg-RDS-us-east-1,130.22079316332457,USD,7991,Various
2025-03-26 16:06:09.732971,RDS,us-west-2,rg-RDS-us-west-2,188.6424530126149,USD,7985,Various
2025-03-26 16:06:09.732971,RDS,eu-central-1,rg-RDS-eu-central-1,391.171181444781,USD,6149,Various
2025-03-26 16:06:09.732971,Lambda,us-east-1,rg-Lambda-us-east-1,385.2702300312408,USD,1351,Various
2025-03-26 16:06:09.732971,Lambda,us-west-2,rg-Lambda-us-west-2,204.57259440143474,USD,4922,Various
2025-03-26 16:06:09.732971,Lambda,eu-central-1,rg-Lambda-eu-central-1,228.873085508521,USD,3143,Various
2025-03-27 16:06:09.732971,EC2,us-east-1,rg-EC2-us-east-1,424.97842751392193,USD,7380,Various
2025-03-27 16:06:09.732971,EC2,us-west-2,rg-EC2-us-west-2,157.71310374780427,USD,1336,Various
2025-03-27 16:06:09.732971,EC2,eu-central-1,rg-EC2-eu-central-1,430.3505037469107,USD,6316,Various
2025-03-27 16:06:09.732971,S3,us-east-1,rg-S3-us-east-1,474.3780400997157,USD,2311,Various
2025-03-27 16:06:09.732971,S3,us-west-2,rg-S3-us-west-2,416.05095194764164,USD,6764,Various
2025-03-27 16:06:09.732971,S3,eu-central-1,rg-S3-eu-central-1,384.3046872740244,USD,8133,Various
2025-03-27 16:06:09.732971,RDS,us-east-1,rg-RDS-us-east-1,384.5759623929135,USD,10665,Various
2025-03-27 16:06:09.732971,RDS,us-west-2,rg-RDS-us-west-2,152.34283967370348,USD,2604,Various
2025-03-27 16:06:09.732971,RDS,eu-central-1,rg-RDS-eu-central-1,264.12986270643114,USD,3849,Various
2025-03-27 16:06:09.732971,Lambda,us-east-1,rg-Lambda-us-east-1,105.37372954130227,USD,3544,Various
2025-03-27 16:06:09.732971,Lambda,us-west-2,rg-Lambda-us-west-2,265.8203713367584,USD,1757,Various
2025-03-27 16:06:09.732971,Lambda,eu-central-1,rg-Lambda-eu-central-1,184.1282941514496,USD,2251,Various
2025-03-28 16:06:09.732971,EC2,us-east-1,rg-EC2-us-east-1,426.599592855059,USD,9523,Various
2025-03-28 16:06:09.732971,EC2,us-west-2,rg-EC2-us-west-2,428.3354993490127,USD,36248,Various
2025-03-28 16:06:09.732971,EC2,eu-central-1,rg-EC2-eu-central-1,389.4452264085817,USD,7851,Various
2025-03-28 16:06:09.732971,S3,us-east-1,rg-S3-us-east-1,397.4647651607033,USD,8952,Various
2025-03-28 16:06:09.732971,S3,us-west-2,rg-S3-us-west-2,162.33411062565904,USD,8002,Various
2025-03-28 16:06:09.732971,S3,eu-central-1,rg-S3-eu-central-1,439.4946754252314,USD,5621,Various
2025-03-28 16:06:09.732971,RDS,us-east-1,rg-RDS-us-east-1,130.77035483920986,USD,4574,Various
2025-03-28 16:06:09.732971,RDS,us-west-2,rg-RDS-us-west-2,278.0821016688498,USD,4160,Various
2025-03-28 16:06:09.732971,RDS,eu-central-1,rg-RDS-eu-central-1,250.16506672967432,USD,3367,Various
2025-03-28 16:06:09.732971,Lambda,us-east-1,rg-Lambda-us-east-1,406.48239398792816,USD,3008,Various
2025-03-28 16:06:09.732971,Lambda,us-west-2,rg-Lambda-us-west-2,435.20187708531216,USD,2989,Various
2025-03-28 16:06:09.732971,Lambda,eu-central-1,rg-Lambda-eu-central-1,363.63725203805427,USD,8450,Various
2025-03-29 16:06:09.732971,EC2,us-east-1,rg-EC2-us-east-1,342.4706940847841,USD,8117,Various
2025-03-29 16:06:09.732971,EC2,us-west-2,rg-EC2-us-west-2,435.6908258971893,USD,1953,Various
2025-03-29 16:06:09.732971,EC2,eu-central-1,rg-EC2-eu-central-1,331.0708996293781,USD,3890,Various
2025-03-29 16:06:09.732971,S3,us-east-1,rg-S3-us-east-1,235.41847249172406,USD,11349,Various
2025-03-29 16:06:09.732971,S3,us-west-2,rg-S3-us-west-2,385.9934160163516,USD,8922,Various
2025-03-29 16:06:09.732971,S3,eu-central-1,rg-S3-eu-central-1,280.5195448388453,USD,8178,Various
2025-03-29 16:06:09.732971,RDS,us-east-1,rg-RDS-us-east-1,487.8736809386453,USD,9454,Various
2025-03-29 16:06:09.732971,RDS,us-west-2,rg-RDS-us-west-2,331.1803543449153,USD,4860,Various
2025-03-29 16:06:09.732971,RDS,eu-central-1,rg-RDS-eu-central-1,342.8388486504141,USD,4567,Various
2025-03-29 16:06:09.732971,Lambda,us-east-1,rg-Lambda-us-east-1,193.52737963128868,USD,4255,Various
2025-03-29 16:06:09.732971,Lambda,us-west-2,rg-Lambda-us-west-2,337.4605850098634,USD,3719,Various
2025-03-29 16:06:09.732971,Lambda,eu-central-1,rg-Lambda-eu-central-1,267.3029660841686,USD,4619,Various
2025-03-30 16:06:09.732971,EC2,us-east-1,rg-EC2-us-east-1,484.96351068761186,USD,8680,Various
2025-03-30 16:06:09.732971,EC2,us-west-2,rg-EC2-us-west-2,346.07511852023254,USD,1917,Various
2025-03-30 16:06:09.732971,EC2,eu-central-1,rg-EC2-eu-central-1,181.95032572164456,USD,11498,Various
2025-03-30 16:06:09.732971,S3,us-east-1,rg-S3-us-east-1,100.04204513143077,USD,1349,Various
2025-03-30 16:06:09.732971,S3,us-west-2,rg-S3-us-west-2,295.3142219495851,USD,3344,Various
2025-03-30 16:06:09.732971,S3,eu-central-1,rg-S3-eu-central-1,184.07588980844992,USD,7199,Various
2025-03-30 16:06:09.732971,RDS,us-east-1,rg-RDS-us-east-1,130.64271930656463,USD,5368,Various
2025-03-30 16:06:09.732971,RDS,us-west-2,rg-RDS-us-west-2,424.251831558512,USD,3445,Various
2025-03-30 16:06:09.732971,RDS,eu-central-1,rg-RDS-eu-central-1,252.05018518389863,USD,9529,Various
2025-03-30 16:06:09.732971,Lambda,us-east-1,rg-Lambda-us-east-1,176.60428090538946,USD,6054,Various
2025-03-30 16:06:09.732971,Lambda,us-west-2,rg-Lambda-us-west-2,435.8715695650958,USD,3559,Various
2025-03-30 16:06:09.732971,Lambda,eu-central-1,rg-Lambda-eu-central-1,341.9838550220016,USD,2269,Various
2025-03-31 16:06:09.732971,EC2,us-east-1,rg-EC2-us-east-1,154.09224080171916,USD,1369,Various
2025-03-31 16:06:09.732971,EC2,us-west-2,rg-EC2-us-west-2,208.31532511097492,USD,6878,Various
2025-03-31 16:06:09.732971,EC2,eu-central-1,rg-EC2-eu-central-1,227.95592098713814,USD,1804,Various
2025-03-31 16:06:09.732971,S3,us-east-1,rg-S3-us-east-1,335.95631953286255,USD,2242,Various
2025-03-31 16:06:09.732971,S3,us-west-2,rg-S3-us-west-2,367.0992590047686,USD,4557,Various
2025-03-31 16:06:09.732971,S3,eu-central-1,rg-S3-eu-central-1,344.30172586517995,USD,7348,Various
2025-03-31 16:06:09.732971,RDS,us-east-1,rg-RDS-us-east-1,152.61476436637446,USD,6264,Various
2025-03-31 16:06:09.732971,RDS,us-west-2,rg-RDS-us-west-2,493.9126579848025,USD,44628,Various
2025-03-31 16:06:09.732971,RDS,eu-central-1,rg-RDS-eu-central-1,516.877316948689,USD,7205,Various
2025-03-31 16:06:09.732971,Lambda,us-east-1,rg-Lambda-us-east-1,460.0623740414671,USD,4023,Various
2025-03-31 16:06:09.732971,Lambda,us-west-2,rg-Lambda-us-west-2,347.5321606466958,USD,8898,Various
2025-03-31 16:06:09.732971,Lambda,eu-central-1,rg-Lambda-eu-central-1,195.75547459267938,USD,1729,Various
2025-04-01 16:06:09.732971,EC2,us-east-1,rg-EC2-us-east-1,352.0415316215607,USD,8620,Various
2025-04-01 16:06:09.732971,EC2,us-west-2,rg-EC2-us-west-2,209.09334496453636,USD,7230,Various
2025-04-01 16:06:09.732971,EC2,eu-central-1,rg-EC2-eu-central-1,478.9282774570911,USD,1287,Various
2025-04-01 16:06:09.732971,S3,us-east-1,rg-S3-us-east-1,112.48982093113366,USD,4304,Various
2025-04-01 16:06:09.732971,S3,us-west-2,rg-S3-us-west-2,528.8181650162632,USD,6758,Various
2025-04-01 16:06:09.732971,S3,eu-central-1,rg-S3-eu-central-1,152.84701633057642,USD,6368,Various
2025-04-01 16:06:09.732971,RDS,us-east-1,rg-RDS-us-east-1,413.64692088878513,USD,9564,Various
2025-04-01 16:06:09.732971,RDS,us-west-2,rg-RDS-us-west-2,192.49643110274292,USD,8706,Various
2025-04-01 16:06:09.732971,RDS,eu-central-1,rg-RDS-eu-central-1,443.4442437451778,USD,1196,Various
2025-04-01 16:06:09.732971,Lambda,us-east-1,rg-Lambda-us-east-1,581.9641524199718,USD,5465,Various
2025-04-01 16:06:09.732971,Lambda,us-west-2,rg-Lambda-us-west-2,216.6995907121199,USD,6781,Various
2025-04-01 16:06:09.732971,Lambda,eu-central-1,rg-Lambda-eu-central-1,250.65790953326348,USD,5678,Various
2025-04-02 16:06:09.732971,EC2,us-east-1,rg-EC2-us-east-1,428.97698882914386,USD,952,Various
2025-04-02 16:06:09.732971,EC2,us-west-2,rg-EC2-us-west-2,313.13913484929856,USD,3297,Various
2025-04-02 16:06:09.732971,EC2,eu-central-1,rg-EC2-eu-central-1,490.72973379678797,USD,8409,Various
2025-04-02 16:06:09.732971,S3,us-east-1,rg-S3-us-east-1,254.32299586501247,USD,1499,Various
2025-04-02 16:06:09.732971,S3,us-west-2,rg-S3-us-west-2,449.21212100892586,USD,9665,Various
2025-04-02 16:06:09.732971,S3,eu-central-1,rg-S3-eu-central-1,293.6019083117923,USD,9161,Various
2025-04-02 16:06:09.732971,RDS,us-east-1,rg-RDS-us-east-1,298.7817035762382,USD,1229,Various
2025-04-02 16:06:09.732971,RDS,us-west-2,rg-RDS-us-west-2,397.00418110822994,USD,6172,Various
2025-04-02 16:06:09.732971,RDS,eu-central-1,rg-RDS-eu-central-1,289.0541757951061,USD,7259,Various
2025-04-02 16:06:09.732971,Lambda,us-east-1,rg-Lambda-us-east-1,306.960500621299,USD,3002,Various
2025-04-02 16:06:09.732971,Lambda,us-west-2,rg-Lambda-us-west-2,493.51271072035803,USD,4060,Various
2025-04-02 16:06:09.732971,Lambda,eu-central-1,rg-Lambda-eu-central-1,154.32760650057074,USD,3330,Various
2025-04-03 16:06:09.732971,EC2,us-east-1,rg-EC2-us-east-1,219.79741618996508,USD,10920,Various
2025-04-03 16:06:09.732971,EC2,us-west-2,rg-EC2-us-west-2,332.0018574245262,USD,4325,Various
2025-04-03 16:06:09.732971,EC2,eu-central-1,rg-EC2-eu-central-1,247.47955148355715,USD,5732,Various
2025-04-03 16:06:09.732971,S3,us-east-1,rg-S3-us-east-1,513.3403671021238,USD,9273,Various
2025-04-03 16:06:09.732971,S3,us-west-2,rg-S3-us-west-2,496.66488661177766,USD,7993,Various
2025-04-03 16:06:09.732971,S3,eu-central-1,rg-S3-eu-central-1,507.11731378950645,USD,5173,Various
2025-04-03 16:06:09.732971,RDS,us-east-1,rg-RDS-us-east-1,240.26770458856728,USD,9248,Various
2025-04-03 16:06:09.732971,RDS,us-west-2,rg-RDS-us-west-2,279.6250325220873,USD,6969,Various
2025-04-03 16:06:09.732971,RDS,eu-central-1,rg-RDS-eu-central-1,424.63095818300314,USD,10959,Various
2025-04-03 16:06:09.732971,Lambda,us-east-1,rg-Lambda-us-east-1,265.31396829661446,USD,9602,Various
2025-04-03 16:06:09.732971,Lambda,us-west-2,rg-Lambda-us-west-2,150.37594666232903,USD,4880,Various
2025-04-03 16:06:09.732971,Lambda,eu-central-1,rg-Lambda-eu-central-1,376.35254503553415,USD,9617,Various
2025-04-04 16:06:09.732971,EC2,us-east-1,rg-EC2-us-east-1,304.75221213652947,USD,1567,Various
2025-04-04 16:06:09.732971,EC2,us-west-2,rg-EC2-us-west-2,169.29050801875496,USD,4313,Various
2025-04-04 16:06:09.732971,EC2,eu-central-1,rg-EC2-eu-central-1,156.58635959189894,USD,1828,Various
2025-04-04 16:06:09.732971,S3,us-east-1,rg-S3-us-east-1,310.7119434951352,USD,10122,Various
2025-04-04 16:06:09.732971,S3,us-west-2,rg-S3-us-west-2,428.84418817961193,USD,2310,Various
2025-04-04 16:06:09.732971,S3,eu-central-1,rg-S3-eu-central-1,351.98790573142037,USD,1443,Various
2025-04-04 16:06:09.732971,RDS,us-east-1,rg-RDS-us-east-1,286.3056736518991,USD,9628,Various
2025-04-04 16:06:09.732971,RDS,us-west-2,rg-RDS-us-west-2,167.8753741074851,USD,3868,Various
2025-04-04 16:06:09.732971,RDS,eu-central-1,rg-RDS-eu-central-1,176.89686185614934,USD,3948,Various
2025-04-04 16:06:09.732971,Lambda,us-east-1,rg-Lambda-us-east-1,558.4141304828898,USD,7908,Various
2025-04-04 16:06:09.732971,Lambda,us-west-2,rg-Lambda-us-west-2,379.2867660590436,USD,2239,Various
2025-04-04 16:06:09.732971,Lambda,eu-central-1,rg-Lambda-eu-central-1,422.8618915934079,USD,10698,Various
2025-04-05 16:06:09.732971,EC2,us-east-1,rg-EC2-us-east-1,290.5425597722816,USD,6092,Various
2025-04-05 16:06:09.732971,EC2,us-west-2,rg-EC2-us-west-2,396.2429305888039,USD,2327,Various
2025-04-05 16:06:09.732971,EC2,eu-central-1,rg-EC2-eu-central-1,547.3166787257373,USD,9048,Various
2025-04-05 16:06:09.732971,S3,us-east-1,rg-S3-us-east-1,128.8052824253863,USD,5872,Various
2025-04-05 16:06:09.732971,S3,us-west-2,rg-S3-us-west-2,465.8795897406733,USD,5825,Various
2025-04-05 16:06:09.732971,S3,eu-central-1,rg-S3-eu-central-1,368.36598617153555,USD,1528,Various
2025-04-05 16:06:09.732971,RDS,us-east-1,rg-RDS-us-east-1,131.1686513068294,USD,5915,Various
2025-04-05 16:06:09.732971,RDS,us-west-2,rg-RDS-us-west-2,236.10652851854775,USD,4758,Various
2025-04-05 16:06:09.732971,RDS,eu-central-1,rg-RDS-eu-central-1,156.40790492722726,USD,11645,Various
2025-04-05 16:06:09.732971,Lambda,us-east-1,rg-Lambda-us-east-1,362.2185507539329,USD,6608,Various
2025-04-05 16:06:09.732971,Lambda,us-west-2,rg-Lambda-us-west-2,170.21802766017296,USD,6149,Various
2025-04-05 16:06:09.732971,Lambda,eu-central-1,rg-Lambda-eu-central-1,166.02047833814265,USD,7277,Various
2025-04-06 16:06:09.732971,EC2,us-east-1,rg-EC2-us-east-1,496.17745620051375,USD,10406,Various
2025-04-06 16:06:09.732971,EC2,us-west-2,rg-EC2-us-west-2,135.8419930435141,USD,8987,Various
2025-04-06 16:06:09.732971,EC2,eu-central-1,rg-EC2-eu-central-1,269.8479746795945,USD,8878,Various
2025-04-06 16:06:09.732971,S3,us-east-1,rg-S3-us-east-1,31.95146485401378,USD,2258,Various
2025-04-06 16:06:09.732971,S3,us-west-2,rg-S3-us-west-2,231.83026135437223,USD,3633,Various
2025-04-06 16:06:09.732971,S3,eu-central-1,rg-S3-eu-central-1,414.1653584856605,USD,8468,Various
2025-04-06 16:06:09.732971,RDS,us-east-1,rg-RDS-us-east-1,377.53883335438877,USD,4004,Various
2025-04-06 16:06:09.732971,RDS,us-west-2,rg-RDS-us-west-2,200.88239904924058,USD,4581,Various
2025-04-06 16:06:09.732971,RDS,eu-central-1,rg-RDS-eu-central-1,123.78814428797955,USD,7469,Various
2025-04-06 16:06:09.732971,Lambda,us-east-1,rg-Lambda-us-east-1,461.4267690659162,USD,2057,Various
2025-04-06 16:06:09.732971,Lambda,us-west-2,rg-Lambda-us-west-2,106.8572295697966,USD,2823,Various
2025-04-06 16:06:09.732971,Lambda,eu-central-1,rg-Lambda-eu-central-1,144.2520298323674,USD,1927,Various
2025-04-07 16:06:09.732971,EC2,us-east-1,rg-EC2-us-east-1,249.52212234351256,USD,6946,Various
2025-04-07 16:06:09.732971,EC2,us-west-2,rg-EC2-us-west-2,101.30494268923694,USD,7427,Various
2025-04-07 16:06:09.732971,EC2,eu-central-1,rg-EC2-eu-central-1,346.23258971784145,USD,1744,Various
2025-04-07 16:06:09.732971,S3,us-east-1,rg-S3-us-east-1,321.20895978361636,USD,9741,Various
2025-04-07 16:06:09.732971,S3,us-west-2,rg-S3-us-west-2,128.3822998304903,USD,6078,Various
2025-04-07 16:06:09.732971,S3,eu-central-1,rg-S3-eu-central-1,483.2360542590666,USD,1481,Various
2025-04-07 16:06:09.732971,RDS,us-east-1,rg-RDS-us-east-1,307.9794366497079,USD,5775,Various
2025-04-07 16:06:09.732971,RDS,us-west-2,rg-RDS-us-west-2,333.7449356209664,USD,6228,Various
2025-04-07 16:06:09.732971,RDS,eu-central-1,rg-RDS-eu-central-1,422.7467382078215,USD,6343,Various
2025-04-07 16:06:09.732971,Lambda,us-east-1,rg-Lambda-us-east-1,360.9017969539833,USD,5999,Various
2025-04-07 16:06:09.732971,Lambda,us-west-2,rg-Lambda-us-west-2,358.58831859084603,USD,6643,Various
2025-04-07 16:06:09.732971,Lambda,eu-central-1,rg-Lambda-eu-central-1,186.75698920677277,USD,4453,Various
